Group,Best Parameters,Train R^2 (avg),Test R^2 (avg),Train RMSE,Test RMSE,Train MAPE,Test MAPE
"0,0,0,0,0","{'max_depth': None, 'min_samples_leaf': 1, 'min_samples_split': 2, 'n_estimators': 300}",0.6917209009089303,0.7529674040696736,0.05007480479744226,0.14292270296070725,0.08512250015678459,0.2576041737509901
"0,0,0,0,1","{'max_depth': 30, 'min_samples_leaf': 1, 'min_samples_split': 2, 'n_estimators': 300}",0.6526926003803064,0.7913881833286212,0.055132736829849795,0.13551469778360764,0.10635287935720521,0.2872856208968203
"0,0,1,0,0","{'max_depth': None, 'min_samples_leaf': 1, 'min_samples_split': 2, 'n_estimators': 300}",0.6806886549690769,0.725042591556312,0.04859114636190947,0.14036594424395835,0.07197402193512825,0.21461463945966483
"0,0,1,0,1 + 0,1,1,0,0 + 0,1,1,1,0","{'max_depth': None, 'min_samples_leaf': 1, 'min_samples_split': 2, 'n_estimators': 300}",0.6794749886737314,0.7899998046305255,0.0479219139802134,0.12726924762787775,0.07610800608213576,0.2122647448396667
"0,0,1,1,0","{'max_depth': 30, 'min_samples_leaf': 1, 'min_samples_split': 2, 'n_estimators': 300}",0.6798604884719179,0.7356130873237677,0.04731588761589879,0.13425531279099523,0.06856579943661326,0.19082888756384475
"0,0,1,1,1","{'max_depth': None, 'min_samples_leaf': 1, 'min_samples_split': 2, 'n_estimators': 300}",0.6723060402746885,0.7549412814217007,0.04983017973803418,0.13310944073021516,0.07337665079304977,0.18712886144019455
"0,1,1,1,1","{'max_depth': None, 'min_samples_leaf': 1, 'min_samples_split': 2, 'n_estimators': 300}",0.6627836971425887,0.8252633791405949,0.049739228848587266,0.10697617492077893,0.07489700853316804,0.13745759062584012
"1,0,0,0,0","{'max_depth': None, 'min_samples_leaf': 1, 'min_samples_split': 2, 'n_estimators': 300}",0.5037173753605136,0.48364179098174614,0.0685121917103948,0.242483372980514,0.09179820762415485,0.381997844617414
