Group,Best Parameters,Train R^2 (avg),Test R^2 (avg),Train RMSE,Test RMSE,Train MAPE,Test MAPE
"0,0,0,0,0","{'max_depth': None, 'min_samples_leaf': 1, 'min_samples_split': 2, 'n_estimators': 300}",0.6855665991165735,0.7769137663549931,0.04975253906602446,0.12907678373925585,0.08561957516355212,0.20930016645263483
"0,0,0,0,1","{'max_depth': None, 'min_samples_leaf': 1, 'min_samples_split': 2, 'n_estimators': 300}",0.6467077723727305,0.7674155162982327,0.05453110944723295,0.12495368349341847,0.10884660990372734,0.23231238454931266
"0,0,1,0,0","{'max_depth': None, 'min_samples_leaf': 1, 'min_samples_split': 2, 'n_estimators': 300}",0.7016782243313738,0.769488159031433,0.04852178734974138,0.12945776038524753,0.07127384614364767,0.20115326198239006
"0,0,1,0,1 + 0,1,1,0,0 + 0,1,1,1,0","{'max_depth': 30, 'min_samples_leaf': 1, 'min_samples_split': 2, 'n_estimators': 300}",0.6856401075491195,0.7814567743558212,0.04806996572401353,0.1219763621296915,0.07723693342434716,0.21227880201141272
"0,0,1,1,0","{'max_depth': None, 'min_samples_leaf': 1, 'min_samples_split': 2, 'n_estimators': 300}",0.6770223798705436,0.7629592142095847,0.047180252818620774,0.12130427397066801,0.0681422199745892,0.16493313679682206
"0,0,1,1,1","{'max_depth': None, 'min_samples_leaf': 1, 'min_samples_split': 2, 'n_estimators': 300}",0.6888582150169293,0.7345709934132628,0.047764523951847694,0.1393257123560925,0.07046866419765059,0.20191763137181348
"0,1,1,1,1","{'max_depth': None, 'min_samples_leaf': 1, 'min_samples_split': 2, 'n_estimators': 300}",0.6804404356883396,0.75027028273065,0.04890311609660759,0.11750223367039313,0.07260942938248198,0.19315503135982637
"1,0,0,0,0","{'max_depth': 20, 'min_samples_leaf': 1, 'min_samples_split': 2, 'n_estimators': 300}",0.4665529971800956,0.5886312071293033,0.07374213760083087,0.18597070486232042,0.10102722235536062,0.21205767686675558
