Group,Best Parameters,Train R^2 (avg),Test R^2 (avg),Train RMSE,Test RMSE,Train MAPE,Test MAPE
"0,0,0,0,0","{'max_depth': None, 'min_samples_leaf': 1, 'min_samples_split': 2, 'n_estimators': 300}",0.689344390047076,0.7743829614003493,0.18225422069183198,0.4741775522019846,0.23330460767195735,0.6501973649958209
"0,0,0,0,1","{'max_depth': None, 'min_samples_leaf': 1, 'min_samples_split': 2, 'n_estimators': 300}",0.6471132955153036,0.77667768720131,0.18634508446103576,0.4476704287322495,0.24502945771963006,0.6232400615863201
"0,0,1,0,0","{'max_depth': None, 'min_samples_leaf': 1, 'min_samples_split': 2, 'n_estimators': 300}",0.7090246772652439,0.7631153669701645,0.18920195984587673,0.5259440470976947,0.22833154061436092,0.6490484098470971
"0,0,1,0,1 + 0,1,1,0,0 + 0,1,1,1,0","{'max_depth': None, 'min_samples_leaf': 1, 'min_samples_split': 2, 'n_estimators': 300}",0.6880200702376682,0.7668861653001423,0.17311674251325054,0.45229542981991605,0.22010443702088547,0.5788656378993536
"0,0,1,1,0","{'max_depth': None, 'min_samples_leaf': 1, 'min_samples_split': 2, 'n_estimators': 300}",0.6777860121097252,0.7566921267293045,0.1797254730798891,0.4917171053571388,0.23038011740840372,0.6139315402935358
"0,0,1,1,1","{'max_depth': 30, 'min_samples_leaf': 1, 'min_samples_split': 2, 'n_estimators': 300}",0.6855613182243625,0.73466399579797,0.18320661385082146,0.48264011246902266,0.2277541988899079,0.7146159304303806
"0,1,1,1,1","{'max_depth': 30, 'min_samples_leaf': 1, 'min_samples_split': 2, 'n_estimators': 300}",0.6614021016591896,0.7531375652023597,0.1788088149807212,0.4174723354181371,0.2483933042307461,0.6526434970923655
"1,0,0,0,0","{'max_depth': None, 'min_samples_leaf': 1, 'min_samples_split': 2, 'n_estimators': 300}",0.4885100251244444,0.5198437473935217,0.2873653957490206,0.8590315871523694,0.38901575303466407,0.7522166056683971
