Group,Best Parameters,Train R^2 (avg),Test R^2 (avg),Train RMSE,Test RMSE,Train MAPE,Test MAPE
"0,0,0,0,0","{'max_depth': None, 'min_samples_leaf': 1, 'min_samples_split': 2, 'n_estimators': 300}",0.6869427435984251,0.7763753158049121,0.01660275128455516,0.042613145148468874,0.0037529772963224733,0.01003401661652025
"0,0,0,0,1","{'max_depth': 30, 'min_samples_leaf': 1, 'min_samples_split': 2, 'n_estimators': 200}",0.6462657214194045,0.7797559362376155,0.01701056545888491,0.03988376145509875,0.003873255878483653,0.009352562205358468
"0,0,1,0,0","{'max_depth': 30, 'min_samples_leaf': 1, 'min_samples_split': 2, 'n_estimators': 300}",0.7074640872443576,0.766528802303113,0.01793024848680695,0.05035945711864522,0.003980477532353946,0.011166745358916248
"0,0,1,0,1 + 0,1,1,0,0 + 0,1,1,1,0","{'max_depth': 30, 'min_samples_leaf': 1, 'min_samples_split': 2, 'n_estimators': 300}",0.6880426782799102,0.7684612655030829,0.01613088252299946,0.041657139048330294,0.003626264622677929,0.009434252329061803
"0,0,1,1,0","{'max_depth': 30, 'min_samples_leaf': 1, 'min_samples_split': 2, 'n_estimators': 300}",0.6772904678187627,0.7556297877008128,0.016647258923480953,0.04557593276177506,0.0037121744247728,0.010167324772236612
"0,0,1,1,1","{'max_depth': None, 'min_samples_leaf': 1, 'min_samples_split': 2, 'n_estimators': 300}",0.6855599118769314,0.7366616451867217,0.017111589273698925,0.042074176263163794,0.003777311819366067,0.010105861730048023
"0,1,1,1,1","{'max_depth': None, 'min_samples_leaf': 1, 'min_samples_split': 2, 'n_estimators': 300}",0.6636194266246368,0.750557226690726,0.016221002211771494,0.03897216610635026,0.003631585212049364,0.009082013664863893
"1,0,0,0,0","{'max_depth': 20, 'min_samples_leaf': 1, 'min_samples_split': 2, 'n_estimators': 300}",0.49496980115813616,0.5223485084252154,0.026707667186453666,0.08250746248357217,0.006371626020955245,0.01997298316582472
