Group,Best Parameters,Train R^2 (avg),Test R^2 (avg),Train RMSE,Test RMSE,Train MAPE,Test MAPE
"0,0,0,0,0","{'max_depth': 30, 'min_samples_leaf': 1, 'min_samples_split': 2, 'n_estimators': 300}",0.6924832700727259,0.7485982416306148,0.016694894711733837,0.04658545622995706,0.003745246701851499,0.010571155378307641
"0,0,0,0,1","{'max_depth': None, 'min_samples_leaf': 1, 'min_samples_split': 2, 'n_estimators': 300}",0.6539730156113965,0.7904873110380876,0.017321167210890387,0.0426768581187934,0.0038395484539014905,0.010011304682069866
"0,0,1,0,0","{'max_depth': None, 'min_samples_leaf': 1, 'min_samples_split': 2, 'n_estimators': 300}",0.6827976990921465,0.729988153906473,0.017790874381833837,0.056200594127245006,0.003955662552064751,0.012162726733113692
"0,0,1,0,1 + 0,1,1,0,0 + 0,1,1,1,0","{'max_depth': None, 'min_samples_leaf': 1, 'min_samples_split': 2, 'n_estimators': 300}",0.6769998149439557,0.787798937018354,0.016235075900942798,0.0406847008918534,0.0036027031527727828,0.00946766059337694
"0,0,1,1,0","{'max_depth': None, 'min_samples_leaf': 1, 'min_samples_split': 2, 'n_estimators': 300}",0.6812606873462239,0.7310474050693286,0.01653051746683008,0.04639419174126243,0.0037010891200718286,0.010610822811978728
"0,0,1,1,1","{'max_depth': None, 'min_samples_leaf': 1, 'min_samples_split': 2, 'n_estimators': 300}",0.6740778327587251,0.7424688158157635,0.01744531279800646,0.046525415431248614,0.00380349839111265,0.010676212038160595
"0,1,1,1,1","{'max_depth': 30, 'min_samples_leaf': 1, 'min_samples_split': 2, 'n_estimators': 300}",0.6472068058118493,0.8163667452094976,0.01652938357531086,0.037547130206306845,0.0036433699286811884,0.008737407258840427
"1,0,0,0,0","{'max_depth': 30, 'min_samples_leaf': 1, 'min_samples_split': 2, 'n_estimators': 300}",0.5244855285364958,0.523800775638669,0.025684129017692178,0.0787325107115065,0.0061014190205967225,0.01944210105561737
